Year	Student	Salary	Threshold	Maintenance borrowing	Fee loan	New borrowing	Government tuition payment	Opening balance	Interest @4.1%	Required repayment	Closing balance	Cumulative borrowing	Cumulative interest	Cumulative repayments	Write-off
2026	Stirling £25k	0	33795	8400	0	8400	1820	0	344.4	0	8744.4	8400	344.4	0	0
2027	Stirling £25k	0	33795	8400	0	8400	1820	8744.4	702.9204	0	17847.3204	16800	1047.3204	0	0
2028	Stirling £25k	0	33795	8400	0	8400	1820	17847.3204	1076.140136	0	27323.460536	25200	2123.460536	0	0
2029	Stirling £25k	0	33795	8400	0	8400	1820	27323.460536	1464.661882	0	37188.122418	33600	3588.122418	0	0
2030	Stirling £25k	25000	33795	0	0	0	0	37188.122418	1524.713019	0	38712.835438	33600	5112.835438	0	0
2031	Stirling £25k	25000	33795	0	0	0	0	38712.835438	1587.226253	0	40300.06169	33600	6700.06169	0	0
2032	Stirling £25k	25000	33795	0	0	0	0	40300.06169	1652.302529	0	41952.36422	33600	8352.36422	0	0
2033	Stirling £25k	25000	33795	0	0	0	0	41952.36422	1720.046933	0	43672.411153	33600	10072.411153	0	0
2034	Stirling £25k	25000	33795	0	0	0	0	43672.411153	1790.568857	0	45462.98001	33600	11862.98001	0	0
2035	Stirling £25k	25000	33795	0	0	0	0	45462.98001	1863.98218	0	47326.96219	33600	13726.96219	0	0
2036	Stirling £25k	25000	33795	0	0	0	0	47326.96219	1940.40545	0	49267.36764	33600	15667.36764	0	0
2037	Stirling £25k	25000	33795	0	0	0	0	49267.36764	2019.962073	0	51287.329714	33600	17687.329714	0	0
2038	Stirling £25k	25000	33795	0	0	0	0	51287.329714	2102.780518	0	53390.110232	33600	19790.110232	0	0
2039	Stirling £25k	25000	33795	0	0	0	0	53390.110232	2188.99452	0	55579.104751	33600	21979.104751	0	0
2040	Stirling £25k	25000	33795	0	0	0	0	55579.104751	2278.743295	0	57857.848046	33600	24257.848046	0	0
2041	Stirling £25k	25000	33795	0	0	0	0	57857.848046	2372.17177	0	60230.019816	33600	26630.019816	0	0
2042	Stirling £25k	25000	33795	0	0	0	0	60230.019816	2469.430812	0	62699.450628	33600	29099.450628	0	0
2043	Stirling £25k	25000	33795	0	0	0	0	62699.450628	2570.677476	0	65270.128104	33600	31670.128104	0	0
2044	Stirling £25k	25000	33795	0	0	0	0	65270.128104	2676.075252	0	67946.203356	33600	34346.203356	0	0
2045	Stirling £25k	25000	33795	0	0	0	0	67946.203356	2785.794338	0	70731.997694	33600	37131.997694	0	0
2046	Stirling £25k	25000	33795	0	0	0	0	70731.997694	2900.011905	0	73632.0096	33600	40032.0096	0	0
2047	Stirling £25k	25000	33795	0	0	0	0	73632.0096	3018.912394	0	76650.921993	33600	43050.921993	0	0
2048	Stirling £25k	25000	33795	0	0	0	0	76650.921993	3142.687802	0	79793.609795	33600	46193.609795	0	0
2049	Stirling £25k	25000	33795	0	0	0	0	79793.609795	3271.538002	0	83065.147796	33600	49465.147796	0	0
2050	Stirling £25k	25000	33795	0	0	0	0	83065.147796	3405.67106	0	86470.818856	33600	52870.818856	0	0
2051	Stirling £25k	25000	33795	0	0	0	0	86470.818856	3545.303573	0	90016.122429	33600	56416.122429	0	0
2052	Stirling £25k	25000	33795	0	0	0	0	90016.122429	3690.66102	0	93706.783449	33600	60106.783449	0	0
2053	Stirling £25k	25000	33795	0	0	0	0	93706.783449	3841.978121	0	97548.76157	33600	63948.76157	0	0
2054	Stirling £25k	25000	33795	0	0	0	0	97548.76157	3999.499224	0	101548.260795	33600	67948.260795	0	0
2055	Stirling £25k	25000	33795	0	0	0	0	101548.260795	4163.478693	0	105711.739487	33600	72111.739487	0	0
2056	Stirling £25k	25000	33795	0	0	0	0	105711.739487	4334.181319	0	110045.920806	33600	76445.920806	0	0
2057	Stirling £25k	25000	33795	0	0	0	0	110045.920806	4511.882753	0	114557.803559	33600	80957.803559	0	0
2058	Stirling £25k	25000	33795	0	0	0	0	114557.803559	4696.869946	0	119254.673505	33600	85654.673505	0	0
2059	Stirling £25k	25000	33795	0	0	0	0	119254.673505	4889.441614	0	124144.115119	33600	90544.115119	0	0
2060	Stirling £25k	25000	33795	0	0	0	0	124144.115119	5089.90872	0	129234.023839	33600	95634.023839	0	0
2061	Stirling £25k	25000	33795	0	0	0	0	129234.023839	5298.594977	0	0	33600	100932.618816	0	134532.618816
2026	Stirling £62,682	0	33795	8400	0	8400	1820	0	344.4	0	8744.4	8400	344.4	0	0
2027	Stirling £62,682	0	33795	8400	0	8400	1820	8744.4	702.9204	0	17847.3204	16800	1047.3204	0	0
2028	Stirling £62,682	0	33795	8400	0	8400	1820	17847.3204	1076.140136	0	27323.460536	25200	2123.460536	0	0
2029	Stirling £62,682	0	33795	8400	0	8400	1820	27323.460536	1464.661882	0	37188.122418	33600	3588.122418	0	0
2030	Stirling £62,682	31049	33795	0	0	0	0	37188.122418	1524.713019	0	38712.835438	33600	5112.835438	0	0
2031	Stirling £62,682	35000	33795	0	0	0	0	38712.835438	1587.226253	108.45	40191.61169	33600	6700.06169	108.45	0
2032	Stirling £62,682	40000	33795	0	0	0	0	40191.61169	1647.856079	558.45	41281.01777	33600	8347.91777	666.9	0
2033	Stirling £62,682	44000	33795	0	0	0	0	41281.01777	1692.521729	918.45	42055.089498	33600	10040.439498	1585.35	0
2034	Stirling £62,682	48000	33795	0	0	0	0	42055.089498	1724.258669	1278.45	42500.898168	33600	11764.698168	2863.8	0
2035	Stirling £62,682	52000	33795	0	0	0	0	42500.898168	1742.536825	1638.45	42604.984993	33600	13507.234993	4502.25	0
2036	Stirling £62,682	57000	33795	0	0	0	0	42604.984993	1746.804385	2088.45	42263.339377	33600	15254.039377	6590.7	0
2037	Stirling £62,682	60000	33795	0	0	0	0	42263.339377	1732.796914	2358.45	41637.686292	33600	16986.836292	8949.15	0
2038	Stirling £62,682	62682	33795	0	0	0	0	41637.686292	1707.145138	2599.83	40745.00143	33600	18693.98143	11548.98	0
2039	Stirling £62,682	62682	33795	0	0	0	0	40745.00143	1670.545059	2599.83	39815.716488	33600	20364.526488	14148.81	0
2040	Stirling £62,682	62682	33795	0	0	0	0	39815.716488	1632.444376	2599.83	38848.330864	33600	21996.970864	16748.64	0
2041	Stirling £62,682	62682	33795	0	0	0	0	38848.330864	1592.781565	2599.83	37841.28243	33600	23589.75243	19348.47	0
2042	Stirling £62,682	62682	33795	0	0	0	0	37841.28243	1551.49258	2599.83	36792.94501	33600	25141.24501	21948.3	0
2043	Stirling £62,682	62682	33795	0	0	0	0	36792.94501	1508.510745	2599.83	35701.625755	33600	26649.755755	24548.13	0
2044	Stirling £62,682	62682	33795	0	0	0	0	35701.625755	1463.766656	2599.83	34565.562411	33600	28113.522411	27147.96	0
2045	Stirling £62,682	62682	33795	0	0	0	0	34565.562411	1417.188059	2599.83	33382.92047	33600	29530.71047	29747.79	0
2046	Stirling £62,682	62682	33795	0	0	0	0	33382.92047	1368.699739	2599.83	32151.790209	33600	30899.410209	32347.62	0
2047	Stirling £62,682	62682	33795	0	0	0	0	32151.790209	1318.223399	2599.83	30870.183608	33600	32217.633608	34947.45	0
2048	Stirling £62,682	62682	33795	0	0	0	0	30870.183608	1265.677528	2599.83	29536.031135	33600	33483.311135	37547.28	0
2049	Stirling £62,682	62682	33795	0	0	0	0	29536.031135	1210.977277	2599.83	28147.178412	33600	34694.288412	40147.11	0
2050	Stirling £62,682	62682	33795	0	0	0	0	28147.178412	1154.034315	2599.83	26701.382727	33600	35848.322727	42746.94	0
2051	Stirling £62,682	62682	33795	0	0	0	0	26701.382727	1094.756692	2599.83	25196.309419	33600	36943.079419	45346.77	0
2052	Stirling £62,682	62682	33795	0	0	0	0	25196.309419	1033.048686	2599.83	23629.528105	33600	37976.128105	47946.6	0
2053	Stirling £62,682	62682	33795	0	0	0	0	23629.528105	968.810652	2599.83	21998.508757	33600	38944.938757	50546.43	0
2054	Stirling £62,682	62682	33795	0	0	0	0	21998.508757	901.938859	2599.83	20300.617616	33600	39846.877616	53146.26	0
2055	Stirling £62,682	62682	33795	0	0	0	0	20300.617616	832.325322	2599.83	18533.112938	33600	40679.202938	55746.09	0
2056	Stirling £62,682	62682	33795	0	0	0	0	18533.112938	759.85763	2599.83	16693.140569	33600	41439.060569	58345.92	0
2057	Stirling £62,682	62682	33795	0	0	0	0	16693.140569	684.418763	2599.83	14777.729332	33600	42123.479332	60945.75	0
2058	Stirling £62,682	62682	33795	0	0	0	0	14777.729332	605.886903	2599.83	12783.786235	33600	42729.366235	63545.58	0
2059	Stirling £62,682	62682	33795	0	0	0	0	12783.786235	524.135236	2599.83	10708.091471	33600	43253.501471	66145.41	0
2060	Stirling £62,682	62682	33795	0	0	0	0	10708.091471	439.03175	2599.83	8547.293221	33600	43692.533221	68745.24	0
2061	Stirling £62,682	62682	33795	0	0	0	0	8547.293221	350.439022	2599.83	0	33600	44042.972243	71345.07	6297.902243
2026	Stirling £100k	0	33795	8400	0	8400	1820	0	344.4	0	8744.4	8400	344.4	0	0
2027	Stirling £100k	0	33795	8400	0	8400	1820	8744.4	702.9204	0	17847.3204	16800	1047.3204	0	0
2028	Stirling £100k	0	33795	8400	0	8400	1820	17847.3204	1076.140136	0	27323.460536	25200	2123.460536	0	0
2029	Stirling £100k	0	33795	8400	0	8400	1820	27323.460536	1464.661882	0	37188.122418	33600	3588.122418	0	0
2030	Stirling £100k	31049	33795	0	0	0	0	37188.122418	1524.713019	0	38712.835438	33600	5112.835438	0	0
2031	Stirling £100k	35000	33795	0	0	0	0	38712.835438	1587.226253	108.45	40191.61169	33600	6700.06169	108.45	0
2032	Stirling £100k	40000	33795	0	0	0	0	40191.61169	1647.856079	558.45	41281.01777	33600	8347.91777	666.9	0
2033	Stirling £100k	44000	33795	0	0	0	0	41281.01777	1692.521729	918.45	42055.089498	33600	10040.439498	1585.35	0
2034	Stirling £100k	48000	33795	0	0	0	0	42055.089498	1724.258669	1278.45	42500.898168	33600	11764.698168	2863.8	0
2035	Stirling £100k	52000	33795	0	0	0	0	42500.898168	1742.536825	1638.45	42604.984993	33600	13507.234993	4502.25	0
2036	Stirling £100k	57000	33795	0	0	0	0	42604.984993	1746.804385	2088.45	42263.339377	33600	15254.039377	6590.7	0
2037	Stirling £100k	60000	33795	0	0	0	0	42263.339377	1732.796914	2358.45	41637.686292	33600	16986.836292	8949.15	0
2038	Stirling £100k	100000	33795	0	0	0	0	41637.686292	1707.145138	5958.45	37386.38143	33600	18693.98143	14907.6	0
2039	Stirling £100k	100000	33795	0	0	0	0	37386.38143	1532.841639	5958.45	32960.773068	33600	20226.823068	20866.05	0
2040	Stirling £100k	100000	33795	0	0	0	0	32960.773068	1351.391696	5958.45	28353.714764	33600	21578.214764	26824.5	0
2041	Stirling £100k	100000	33795	0	0	0	0	28353.714764	1162.502305	5958.45	23557.76707	33600	22740.71707	32782.95	0
2042	Stirling £100k	100000	33795	0	0	0	0	23557.76707	965.86845	5958.45	18565.18552	33600	23706.58552	38741.4	0
2043	Stirling £100k	100000	33795	0	0	0	0	18565.18552	761.172606	5958.45	13367.908126	33600	24467.758126	44699.85	0
2044	Stirling £100k	100000	33795	0	0	0	0	13367.908126	548.084233	5958.45	7957.542359	33600	25015.842359	50658.3	0
2045	Stirling £100k	100000	33795	0	0	0	0	7957.542359	326.259237	5958.45	2325.351596	33600	25342.101596	56616.75	0
2046	Stirling £100k	100000	33795	0	0	0	0	2325.351596	95.339415	2420.691011	0	33600	25437.441011	59037.441011	0
2026	Nottingham £25k	0	25000	8400	9790	18190	0	0	745.79	0	18935.79	18190	745.79	0	0
2027	Nottingham £25k	0	25000	8400	9790	18190	0	18935.79	1522.15739	0	38647.94739	36380	2267.94739	0	0
2028	Nottingham £25k	0	25000	8400	9790	18190	0	38647.94739	2330.355843	0	59168.303233	54570	4598.303233	0	0
2029	Nottingham £25k	0	25000	8400	9790	18190	0	59168.303233	3171.690433	0	80529.993666	72760	7769.993666	0	0
2030	Nottingham £25k	25000	25000	0	0	0	0	80529.993666	3301.72974	0	83831.723406	72760	11071.723406	0	0
2031	Nottingham £25k	25000	25000	0	0	0	0	83831.723406	3437.10066	0	87268.824065	72760	14508.824065	0	0
2032	Nottingham £25k	25000	25000	0	0	0	0	87268.824065	3578.021787	0	90846.845852	72760	18086.845852	0	0
2033	Nottingham £25k	25000	25000	0	0	0	0	90846.845852	3724.72068	0	94571.566532	72760	21811.566532	0	0
2034	Nottingham £25k	25000	25000	0	0	0	0	94571.566532	3877.434228	0	98449.00076	72760	25689.00076	0	0
2035	Nottingham £25k	25000	25000	0	0	0	0	98449.00076	4036.409031	0	102485.409791	72760	29725.409791	0	0
2036	Nottingham £25k	25000	25000	0	0	0	0	102485.409791	4201.901801	0	106687.311592	72760	33927.311592	0	0
2037	Nottingham £25k	25000	25000	0	0	0	0	106687.311592	4374.179775	0	111061.491368	72760	38301.491368	0	0
2038	Nottingham £25k	25000	25000	0	0	0	0	111061.491368	4553.521146	0	115615.012514	72760	42855.012514	0	0
2039	Nottingham £25k	25000	25000	0	0	0	0	115615.012514	4740.215513	0	120355.228027	72760	47595.228027	0	0
2040	Nottingham £25k	25000	25000	0	0	0	0	120355.228027	4934.564349	0	125289.792376	72760	52529.792376	0	0
2041	Nottingham £25k	25000	25000	0	0	0	0	125289.792376	5136.881487	0	130426.673863	72760	57666.673863	0	0
2042	Nottingham £25k	25000	25000	0	0	0	0	130426.673863	5347.493628	0	135774.167492	72760	63014.167492	0	0
2043	Nottingham £25k	25000	25000	0	0	0	0	135774.167492	5566.740867	0	141340.908359	72760	68580.908359	0	0
2044	Nottingham £25k	25000	25000	0	0	0	0	141340.908359	5794.977243	0	147135.885602	72760	74375.885602	0	0
2045	Nottingham £25k	25000	25000	0	0	0	0	147135.885602	6032.57131	0	153168.456911	72760	80408.456911	0	0
2046	Nottingham £25k	25000	25000	0	0	0	0	153168.456911	6279.906733	0	159448.363645	72760	86688.363645	0	0
2047	Nottingham £25k	25000	25000	0	0	0	0	159448.363645	6537.382909	0	165985.746554	72760	93225.746554	0	0
2048	Nottingham £25k	25000	25000	0	0	0	0	165985.746554	6805.415609	0	172791.162163	72760	100031.162163	0	0
2049	Nottingham £25k	25000	25000	0	0	0	0	172791.162163	7084.437649	0	179875.599812	72760	107115.599812	0	0
2050	Nottingham £25k	25000	25000	0	0	0	0	179875.599812	7374.899592	0	187250.499404	72760	114490.499404	0	0
2051	Nottingham £25k	25000	25000	0	0	0	0	187250.499404	7677.270476	0	194927.769879	72760	122167.769879	0	0
2052	Nottingham £25k	25000	25000	0	0	0	0	194927.769879	7992.038565	0	202919.808445	72760	130159.808445	0	0
2053	Nottingham £25k	25000	25000	0	0	0	0	202919.808445	8319.712146	0	211239.520591	72760	138479.520591	0	0
2054	Nottingham £25k	25000	25000	0	0	0	0	211239.520591	8660.820344	0	219900.340935	72760	147140.340935	0	0
2055	Nottingham £25k	25000	25000	0	0	0	0	219900.340935	9015.913978	0	228916.254913	72760	156156.254913	0	0
2056	Nottingham £25k	25000	25000	0	0	0	0	228916.254913	9385.566451	0	238301.821365	72760	165541.821365	0	0
2057	Nottingham £25k	25000	25000	0	0	0	0	238301.821365	9770.374676	0	248072.196041	72760	175312.196041	0	0
2058	Nottingham £25k	25000	25000	0	0	0	0	248072.196041	10170.960038	0	258243.156078	72760	185483.156078	0	0
2059	Nottingham £25k	25000	25000	0	0	0	0	258243.156078	10587.969399	0	268831.125478	72760	196071.125478	0	0
2060	Nottingham £25k	25000	25000	0	0	0	0	268831.125478	11022.076145	0	279853.201622	72760	207093.201622	0	0
2061	Nottingham £25k	25000	25000	0	0	0	0	279853.201622	11473.981267	0	291327.182889	72760	218567.182889	0	0
2062	Nottingham £25k	25000	25000	0	0	0	0	291327.182889	11944.414498	0	303271.597387	72760	230511.597387	0	0
2063	Nottingham £25k	25000	25000	0	0	0	0	303271.597387	12434.135493	0	315705.73288	72760	242945.73288	0	0
2064	Nottingham £25k	25000	25000	0	0	0	0	315705.73288	12943.935048	0	328649.667928	72760	255889.667928	0	0
2065	Nottingham £25k	25000	25000	0	0	0	0	328649.667928	13474.636385	0	342124.304313	72760	269364.304313	0	0
2066	Nottingham £25k	25000	25000	0	0	0	0	342124.304313	14027.096477	0	356151.40079	72760	283391.40079	0	0
2067	Nottingham £25k	25000	25000	0	0	0	0	356151.40079	14602.207432	0	370753.608222	72760	297993.608222	0	0
2068	Nottingham £25k	25000	25000	0	0	0	0	370753.608222	15200.897937	0	385954.506159	72760	313194.506159	0	0
2069	Nottingham £25k	25000	25000	0	0	0	0	385954.506159	15824.134753	0	401778.640912	72760	329018.640912	0	0
2070	Nottingham £25k	25000	25000	0	0	0	0	401778.640912	16472.924277	0	418251.565189	72760	345491.565189	0	0
2071	Nottingham £25k	25000	25000	0	0	0	0	418251.565189	17148.314173	0	0	72760	362639.879362	0	435399.879362
2026	Nottingham £62,682	0	25000	8400	9790	18190	0	0	745.79	0	18935.79	18190	745.79	0	0
2027	Nottingham £62,682	0	25000	8400	9790	18190	0	18935.79	1522.15739	0	38647.94739	36380	2267.94739	0	0
2028	Nottingham £62,682	0	25000	8400	9790	18190	0	38647.94739	2330.355843	0	59168.303233	54570	4598.303233	0	0
2029	Nottingham £62,682	0	25000	8400	9790	18190	0	59168.303233	3171.690433	0	80529.993666	72760	7769.993666	0	0
2030	Nottingham £62,682	31049	25000	0	0	0	0	80529.993666	3301.72974	0	83831.723406	72760	11071.723406	0	0
2031	Nottingham £62,682	35000	25000	0	0	0	0	83831.723406	3437.10066	900	86368.824065	72760	14508.824065	900	0
2032	Nottingham £62,682	40000	25000	0	0	0	0	86368.824065	3541.121787	1350	88559.945852	72760	18049.945852	2250	0
2033	Nottingham £62,682	44000	25000	0	0	0	0	88559.945852	3630.95778	1710	90480.903632	72760	21680.903632	3960	0
2034	Nottingham £62,682	48000	25000	0	0	0	0	90480.903632	3709.717049	2070	92120.620681	72760	25390.620681	6030	0
2035	Nottingham £62,682	52000	25000	0	0	0	0	92120.620681	3776.945448	2430	93467.566129	72760	29167.566129	8460	0
2036	Nottingham £62,682	57000	25000	0	0	0	0	93467.566129	3832.170211	2880	94419.73634	72760	32999.73634	11340	0
2037	Nottingham £62,682	60000	25000	0	0	0	0	94419.73634	3871.20919	3150	95140.94553	72760	36870.94553	14490	0
2038	Nottingham £62,682	62682	25000	0	0	0	0	95140.94553	3900.778767	3391.38	95650.344297	72760	40771.724297	17881.38	0
2039	Nottingham £62,682	62682	25000	0	0	0	0	95650.344297	3921.664116	3391.38	96180.628413	72760	44693.388413	21272.76	0
2040	Nottingham £62,682	62682	25000	0	0	0	0	96180.628413	3943.405765	3391.38	96732.654178	72760	48636.794178	24664.14	0
2041	Nottingham £62,682	62682	25000	0	0	0	0	96732.654178	3966.038821	3391.38	97307.313	72760	52602.833	28055.52	0
2042	Nottingham £62,682	62682	25000	0	0	0	0	97307.313	3989.599833	3391.38	97905.532832	72760	56592.432832	31446.9	0
2043	Nottingham £62,682	62682	25000	0	0	0	0	97905.532832	4014.126846	3391.38	98528.279678	72760	60606.559678	34838.28	0
2044	Nottingham £62,682	62682	25000	0	0	0	0	98528.279678	4039.659467	3391.38	99176.559145	72760	64646.219145	38229.66	0
2045	Nottingham £62,682	62682	25000	0	0	0	0	99176.559145	4066.238925	3391.38	99851.41807	72760	68712.45807	41621.04	0
2046	Nottingham £62,682	62682	25000	0	0	0	0	99851.41807	4093.908141	3391.38	100553.946211	72760	72806.366211	45012.42	0
2047	Nottingham £62,682	62682	25000	0	0	0	0	100553.946211	4122.711795	3391.38	101285.278006	72760	76929.078006	48403.8	0
2048	Nottingham £62,682	62682	25000	0	0	0	0	101285.278006	4152.696398	3391.38	102046.594404	72760	81081.774404	51795.18	0
2049	Nottingham £62,682	62682	25000	0	0	0	0	102046.594404	4183.910371	3391.38	102839.124774	72760	85265.684774	55186.56	0
2050	Nottingham £62,682	62682	25000	0	0	0	0	102839.124774	4216.404116	3391.38	103664.14889	72760	89482.08889	58577.94	0
2051	Nottingham £62,682	62682	25000	0	0	0	0	103664.14889	4250.230105	3391.38	104522.998995	72760	93732.318995	61969.32	0
2052	Nottingham £62,682	62682	25000	0	0	0	0	104522.998995	4285.442959	3391.38	105417.061954	72760	98017.761954	65360.7	0
2053	Nottingham £62,682	62682	25000	0	0	0	0	105417.061954	4322.09954	3391.38	106347.781494	72760	102339.861494	68752.08	0
2054	Nottingham £62,682	62682	25000	0	0	0	0	106347.781494	4360.259041	3391.38	107316.660535	72760	106700.120535	72143.46	0
2055	Nottingham £62,682	62682	25000	0	0	0	0	107316.660535	4399.983082	3391.38	108325.263617	72760	111100.103617	75534.84	0
2056	Nottingham £62,682	62682	25000	0	0	0	0	108325.263617	4441.335808	3391.38	109375.219425	72760	115541.439425	78926.22	0
2057	Nottingham £62,682	62682	25000	0	0	0	0	109375.219425	4484.383996	3391.38	110468.223422	72760	120025.823422	82317.6	0
2058	Nottingham £62,682	62682	25000	0	0	0	0	110468.223422	4529.19716	3391.38	111606.040582	72760	124555.020582	85708.98	0
2059	Nottingham £62,682	62682	25000	0	0	0	0	111606.040582	4575.847664	3391.38	112790.508246	72760	129130.868246	89100.36	0
2060	Nottingham £62,682	62682	25000	0	0	0	0	112790.508246	4624.410838	3391.38	114023.539084	72760	133755.279084	92491.74	0
2061	Nottingham £62,682	62682	25000	0	0	0	0	114023.539084	4674.965102	3391.38	115307.124186	72760	138430.244186	95883.12	0
2062	Nottingham £62,682	62682	25000	0	0	0	0	115307.124186	4727.592092	3391.38	116643.336278	72760	143157.836278	99274.5	0
2063	Nottingham £62,682	62682	25000	0	0	0	0	116643.336278	4782.376787	3391.38	118034.333065	72760	147940.213065	102665.88	0
2064	Nottingham £62,682	62682	25000	0	0	0	0	118034.333065	4839.407656	3391.38	119482.360721	72760	152779.620721	106057.26	0
2065	Nottingham £62,682	62682	25000	0	0	0	0	119482.360721	4898.77679	3391.38	120989.75751	72760	157678.39751	109448.64	0
2066	Nottingham £62,682	62682	25000	0	0	0	0	120989.75751	4960.580058	3391.38	122558.957568	72760	162638.977568	112840.02	0
2067	Nottingham £62,682	62682	25000	0	0	0	0	122558.957568	5024.91726	3391.38	124192.494829	72760	167663.894829	116231.4	0
2068	Nottingham £62,682	62682	25000	0	0	0	0	124192.494829	5091.892288	3391.38	125893.007117	72760	172755.787117	119622.78	0
2069	Nottingham £62,682	62682	25000	0	0	0	0	125893.007117	5161.613292	3391.38	127663.240408	72760	177917.400408	123014.16	0
2070	Nottingham £62,682	62682	25000	0	0	0	0	127663.240408	5234.192857	3391.38	129506.053265	72760	183151.593265	126405.54	0
2071	Nottingham £62,682	62682	25000	0	0	0	0	129506.053265	5309.748184	3391.38	0	72760	188461.341449	129796.92	131424.421449
2026	Nottingham £100k	0	25000	8400	9790	18190	0	0	745.79	0	18935.79	18190	745.79	0	0
2027	Nottingham £100k	0	25000	8400	9790	18190	0	18935.79	1522.15739	0	38647.94739	36380	2267.94739	0	0
2028	Nottingham £100k	0	25000	8400	9790	18190	0	38647.94739	2330.355843	0	59168.303233	54570	4598.303233	0	0
2029	Nottingham £100k	0	25000	8400	9790	18190	0	59168.303233	3171.690433	0	80529.993666	72760	7769.993666	0	0
2030	Nottingham £100k	31049	25000	0	0	0	0	80529.993666	3301.72974	0	83831.723406	72760	11071.723406	0	0
2031	Nottingham £100k	35000	25000	0	0	0	0	83831.723406	3437.10066	900	86368.824065	72760	14508.824065	900	0
2032	Nottingham £100k	40000	25000	0	0	0	0	86368.824065	3541.121787	1350	88559.945852	72760	18049.945852	2250	0
2033	Nottingham £100k	44000	25000	0	0	0	0	88559.945852	3630.95778	1710	90480.903632	72760	21680.903632	3960	0
2034	Nottingham £100k	48000	25000	0	0	0	0	90480.903632	3709.717049	2070	92120.620681	72760	25390.620681	6030	0
2035	Nottingham £100k	52000	25000	0	0	0	0	92120.620681	3776.945448	2430	93467.566129	72760	29167.566129	8460	0
2036	Nottingham £100k	57000	25000	0	0	0	0	93467.566129	3832.170211	2880	94419.73634	72760	32999.73634	11340	0
2037	Nottingham £100k	60000	25000	0	0	0	0	94419.73634	3871.20919	3150	95140.94553	72760	36870.94553	14490	0
2038	Nottingham £100k	100000	25000	0	0	0	0	95140.94553	3900.778767	6750	92291.724297	72760	40771.724297	21240	0
2039	Nottingham £100k	100000	25000	0	0	0	0	92291.724297	3783.960696	6750	89325.684993	72760	44555.684993	27990	0
2040	Nottingham £100k	100000	25000	0	0	0	0	89325.684993	3662.353085	6750	86238.038078	72760	48218.038078	34740	0
2041	Nottingham £100k	100000	25000	0	0	0	0	86238.038078	3535.759561	6750	83023.797639	72760	51753.797639	41490	0
2042	Nottingham £100k	100000	25000	0	0	0	0	83023.797639	3403.975703	6750	79677.773342	72760	55157.773342	48240	0
2043	Nottingham £100k	100000	25000	0	0	0	0	79677.773342	3266.788707	6750	76194.562049	72760	58424.562049	54990	0
2044	Nottingham £100k	100000	25000	0	0	0	0	76194.562049	3123.977044	6750	72568.539093	72760	61548.539093	61740	0
2045	Nottingham £100k	100000	25000	0	0	0	0	72568.539093	2975.310103	6750	68793.849196	72760	64523.849196	68490	0
2046	Nottingham £100k	100000	25000	0	0	0	0	68793.849196	2820.547817	6750	64864.397013	72760	67344.397013	75240	0
2047	Nottingham £100k	100000	25000	0	0	0	0	64864.397013	2659.440278	6750	60773.837291	72760	70003.837291	81990	0
2048	Nottingham £100k	100000	25000	0	0	0	0	60773.837291	2491.727329	6750	56515.56462	72760	72495.56462	88740	0
2049	Nottingham £100k	100000	25000	0	0	0	0	56515.56462	2317.138149	6750	52082.702769	72760	74812.702769	95490	0
2050	Nottingham £100k	100000	25000	0	0	0	0	52082.702769	2135.390814	6750	47468.093582	72760	76948.093582	102240	0
2051	Nottingham £100k	100000	25000	0	0	0	0	47468.093582	1946.191837	6750	42664.285419	72760	78894.285419	108990	0
2052	Nottingham £100k	100000	25000	0	0	0	0	42664.285419	1749.235702	6750	37663.521122	72760	80643.521122	115740	0
2053	Nottingham £100k	100000	25000	0	0	0	0	37663.521122	1544.204366	6750	32457.725488	72760	82187.725488	122490	0
2054	Nottingham £100k	100000	25000	0	0	0	0	32457.725488	1330.766745	6750	27038.492233	72760	83518.492233	129240	0
2055	Nottingham £100k	100000	25000	0	0	0	0	27038.492233	1108.578182	6750	21397.070414	72760	84627.070414	135990	0
2056	Nottingham £100k	100000	25000	0	0	0	0	21397.070414	877.279887	6750	15524.350301	72760	85504.350301	142740	0
2057	Nottingham £100k	100000	25000	0	0	0	0	15524.350301	636.498362	6750	9410.848663	72760	86140.848663	149490	0
2058	Nottingham £100k	100000	25000	0	0	0	0	9410.848663	385.844795	6750	3046.693459	72760	86526.693459	156240	0
2059	Nottingham £100k	100000	25000	0	0	0	0	3046.693459	124.914432	3171.60789	0	72760	86651.60789	159411.60789	0
